,Jan 2005,Feb 2005,Mar 2005,Apr 2005,May 2005,Jun 2005,Jul 2005,Aug 2005,Sep 2005,Oct 2005,Nov 2005,Dec 2005,Jan 2006,Feb 2006,Mar 2006,Apr 2006,May 2006,Jun 2006,Jul 2006,Aug 2006,Sep 2006,Oct 2006,Nov 2006,Dec 2006,Jan 2007,Feb 2007,Mar 2007,Apr 2007,May 2007,Jun 2007,Jul 2007,Aug 2007,Sep 2007,Oct 2007,Nov 2007,Dec 2007,Jan 2008,Feb 2008,Mar 2008,Apr 2008,May 2008,Jun 2008,Jul 2008,Aug 2008,Sep 2008,Oct 2008,Nov 2008,Dec 2008,Jan 2009,Feb 2009,Mar 2009,Apr 2009,May 2009,Jun 2009,Jul 2009,Aug 2009,Sep 2009,Oct 2009,Nov 2009,Dec 2009,Jan 2010,Feb 2010,Mar 2010,Apr 2010,May 2010,Jun 2010,Jul 2010,Aug 2010,Sep 2010,Oct 2010,Nov 2010,Dec 2010,Jan 2011,Feb 2011,Mar 2011,Apr 2011,May 2011,Jun 2011,Jul 2011,Aug 2011,Sep 2011,Oct 2011,Nov 2011,Dec 2011,Jan 2012,Feb 2012,Mar 2012,Apr 2012,May 2012,Jun 2012,Jul 2012,Aug 2012,Sep 2012,Oct 2012,Nov 2012,Dec 2012,Jan 2013,Feb 2013,Mar 2013,Apr 2013,May 2013,Jun 2013,Jul 2013,Aug 2013,Sep 2013,Oct 2013,Nov 2013,Dec 2013,Jan 2014,Feb 2014,Mar 2014,Apr 2014,May 2014,Jun 2014,Jul 2014,Aug 2014,Sep 2014,Oct 2014,Nov 2014,Dec 2014,Jan 2015,Feb 2015,Mar 2015,Apr 2015,May 2015,Jun 2015,Jul 2015,Aug 2015,Sep 2015,Oct 2015,Nov 2015,Dec 2015,Jan 2016,Feb 2016,Mar 2016,Apr 2016,May 2016,Jun 2016,Jul 2016,Aug 2016,Sep 2016,Oct 2016,Nov 2016,Dec 2016,Jan 2017,Feb 2017,Mar 2017,Apr 2017,May 2017,Jun 2017,Jul 2017,Aug 2017,Sep 2017,Oct 2017,Nov 2017,Dec 2017,Jan 2018,Feb 2018,Mar 2018,Apr 2018,May 2018,Jun 2018,Jul 2018,Aug 2018,Sep 2018,Oct 2018,Nov 2018,Dec 2018,Jan 2019,Feb 2019,Mar 2019,Apr 2019,May 2019,Jun 2019,Jul 2019,Aug 2019,Sep 2019,Oct 2019,Nov 2019,Dec 2019,Jan 2020,Feb 2020,Mar 2020,Apr 2020,May 2020,Jun 2020,Jul 2020,Aug 2020,Sep 2020,Oct 2020,Nov 2020,Dec 2020,Jan 2021,Feb 2021,Mar 2021,Apr 2021,May 2021,Jun 2021,Jul 2021,Aug 2021,Sep 2021,Oct 2021,Nov 2021,Dec 2021,Jan 2022,Feb 2022,Mar 2022,Apr 2022,May 2022,Jun 2022,Jul 2022,Aug 2022
'Aggregate',230900,234000,237500,241600,244700,247700,249900,252600,255300,257400,259300,260400,265100,270700,276600,283100,288800,293400,296200,299200,302200,303000,303500,304100,308800,315400,321400,327400,333900,338600,341000,343200,345400,346200,346200,345800,349000,352000,354000,355000,354600,353200,349400,346700,343900,337600,332100,325000,322900,321900,321800,325200,329600,334100,337900,342200,346500,350100,352800,354000,357900,363300,367400,370000,371300,369700,367800,366800,365600,365100,365400,364700,368900,375300,381200,386200,391000,393700,395200,396600,397400,398000,398100,398500,402500,407800,412600,416600,417700,416400,414700,412500,410800,408600,406100,405500,406500,411600,415100,418800,420400,421500,422200,422700,423900,424600,424500,424400,428400,434200,437900,441900,444700,446500,446700,447200,448500,448900,449700,450200,453900,461200,468300,475000,480200,485300,488400,491900,495100,497100,499700,501800,511700,526300,540100,553900,566700,575100,580000,582000,584800,584200,584300,584100,596300,618400,641400,650700,646800,636700,623800,615000,611900,609200,607200,604600,605800,609400,611800,612000,609800,605600,600800,596500,592600,590400,584000,578100,576600,577100,579400,580800,579900,579200,578200,577200,578200,580300,579600,579800,586700,598700,605700,597500,600500,607700,619200,631400,640100,646300,654300,664000,689700,723300,752600,767000,775000,780100,780900,787100,801300,823600,844000,863600,913900,958100,966200,948700,926500,891400,857400,832900
'British_Columbia',378200,382000,385900,390700,394300,397900,403500,408600,414400,417000,419800,422900,430400,439200,446200,455800,464400,472000,475600,479600,482700,483000,481300,480900,487200,493800,499400,507200,514800,522100,526100,528400,532400,533800,534300,534500,540500,546600,553800,555000,555600,556200,549400,541400,532900,519700,506400,494000,490600,487200,484100,491500,496800,504200,513800,523500,532500,538500,544200,548200,556800,564800,574400,580700,584700,582200,581100,579600,576200,578300,579300,580700,592000,609100,620300,634000,647600,654300,661700,665000,662800,662600,662000,658200,660900,671600,676300,677200,674400,668400,661100,657400,653200,646400,639900,634600,631500,639800,641900,648300,648400,650400,652000,652500,653800,653100,653400,653700,658600,662600,666700,669000,670400,672100,674800,673500,677800,678500,682600,685600,694400,708500,725400,738600,753400,768100,779700,791500,800900,813200,826600,838400,864400,911800,949800,978200,1001800,1014700,1022800,1012500,997500,973400,960300,948400,948900,960500,975600,997700,1016600,1026200,1029400,1021500,1016400,1012100,1009300,1005700,1006700,1005700,1003300,1001200,994500,989500,979600,967500,952300,940600,924800,907800,894200,885600,884200,881000,876900,874100,873500,874900,879700,885700,887700,888300,894400,906400,912800,914500,916500,922200,935000,950000,963300,975900,989000,1002900,1029000,1074000,1130800,1166900,1191900,1199900,1204200,1219200,1235100,1261600,1291000,1322000,1374200,1436000,1468800,1471900,1458100,1427800,1391100,1346700
'Vancouver_Island',212100,216100,220300,224800,229500,234200,238900,243700,248700,251500,254300,257100,259900,262400,265100,270200,275100,280700,282900,284900,286900,287400,287800,288300,289700,291000,292400,297200,301900,307100,311300,315500,319600,321600,323600,325600,327800,327100,329400,332400,337000,339700,341100,340400,336500,332400,324900,316200,312000,306300,301000,304600,302700,305900,306700,310400,313500,316600,317400,319100,321000,322900,323900,327100,332100,331800,331000,329000,325700,324800,324400,321200,320900,321700,321600,322500,325500,326100,328800,328600,326800,323000,322200,320100,320100,313900,313100,314800,319400,320300,319900,318300,317600,317900,311500,309200,307300,311800,311000,306700,307200,306500,311100,313600,313800,311800,309200,309600,309700,311600,312300,315000,316500,318600,321400,322400,324400,322000,318100,317600,318600,318800,321700,325800,327700,332300,336000,339400,340100,340000,339400,337100,339600,342800,345700,350900,359300,368200,377700,383100,386900,390800,395100,400100,402500,403400,407800,416000,424800,429900,440000,442600,446500,448000,453100,455200,461900,460700,468100,476300,484500,491300,499400,500100,500500,498000,498500,493500,495300,494900,494500,499200,507600,509500,509500,510100,513200,513300,510900,505600,507700,509900,514300,518800,524300,526200,529800,534200,543100,552200,556100,563300,570700,583800,604500,631200,665100,685500,703000,711800,718100,727200,739200,754400,776900,793300,820800,853400,867000,865600,856700,842800
'Victoria',370800,375400,380000,388800,397900,407200,413300,419400,425700,428700,431900,435100,441100,446500,451300,455800,461100,466500,467900,469900,471800,468800,466300,463400,467800,471900,475900,484800,494400,504500,507900,510600,513600,518200,523200,528100,529100,531500,537900,539800,542700,546400,547100,547300,543300,531900,519400,507900,498000,490700,493000,498200,500600,509100,513000,521200,525900,533100,536300,538800,542000,548200,554800,561400,565500,565500,563900,558600,549100,549200,548800,544000,546200,545400,546700,547200,551200,553800,555300,553100,546500,542500,538400,537000,538800,532800,532900,528400,536400,540000,542600,542200,536500,534300,531700,522500,518900,514900,515800,520800,526100,520800,524200,523900,525000,521800,518000,516600,519600,519400,524100,527700,528900,535700,533600,536100,533700,531000,538000,534300,534500,533500,538600,543200,553500,558800,560700,561900,569400,571900,573600,573700,579000,581700,600400,619700,635700,653600,664400,675100,678300,682200,692500,695500,705000,706200,720400,730900,742100,757900,766800,777700,768400,767400,760400,759900,764700,772700,790000,800600,808600,811000,808200,811500,805700,801000,798300,787800,776100,771700,774000,773400,785200,785700,788100,783100,790100,788400,788600,795200,793600,803900,808300,819200,823600,824800,832500,847100,856000,864700,877500,886700,903000,917000,939100,972100,1017000,1038600,1060500,1066900,1068300,1079800,1109200,1127600,1159600,1180000,1234800,1275400,1294600,1301300,1280600,1248900
'Lower_Mainland',456600,460300,463700,467500,471000,474700,480600,486500,492500,496200,499900,503400,513200,523200,533200,544300,555300,566600,572200,577600,583100,582900,583000,582800,590600,598400,606400,616000,625400,635300,639300,643300,647400,649100,650400,652100,660000,668700,677300,678400,680200,681600,670500,659600,649200,633300,618000,603300,599900,597200,594800,603800,612900,620900,633800,647200,660100,667700,675300,682700,696600,707900,722200,729600,732800,729300,726800,724600,723500,724600,727700,734900,751100,777400,795000,814700,831300,841600,851000,856100,853100,853100,851800,847200,851100,871100,876700,879700,872500,865400,855600,850100,846200,838500,829800,822500,821200,833800,837000,845000,845900,848300,850500,851800,853800,857600,859700,862600,871100,877900,885300,888100,890200,893200,896900,894400,901900,907200,913300,919600,936500,957400,979700,996300,1018000,1038400,1057200,1073900,1088100,1107900,1126200,1146500,1189500,1258700,1309500,1349800,1382100,1402300,1415900,1401500,1379800,1340900,1319300,1299700,1296600,1317800,1341100,1370200,1397600,1410900,1416100,1405900,1399900,1394400,1390700,1385400,1386000,1386300,1379600,1377600,1368200,1362500,1346600,1330600,1310500,1299400,1277200,1256000,1233700,1233700,1233700,1234300,1226900,1224500,1217800,1218300,1221800,1234400,1233300,1236100,1246600,1262300,1275500,1282500,1283700,1288800,1305400,1320100,1335400,1348900,1365800,1383000,1416700,1478300,1553300,1591100,1611300,1607000,1600500,1616400,1642600,1676400,1713400,1754000,1829400,1914200,1951900,1945000,1922300,1876500,1819400,1759700
'Greater_Vancouver',533600,537900,542200,546600,551000,555500,562200,569000,576000,579800,583600,587500,599400,611600,624100,636900,649900,663400,668500,673600,678900,677800,676700,675700,686000,696600,707500,720100,732900,746000,751800,757700,763600,766200,768800,771400,783200,795500,807900,809800,812200,814700,798800,783500,768300,747300,727000,707200,704400,701300,698800,710900,723100,733800,750300,767600,785300,795600,805800,816400,834900,849000,870000,878400,883000,876400,873300,871000,870400,871300,875900,887300,912000,950100,973500,1000100,1022500,1037600,1050700,1058800,1052600,1051500,1049800,1043500,1050100,1081300,1086700,1091000,1077800,1068100,1052700,1045700,1040800,1030600,1019800,1009100,1006600,1022800,1023400,1035500,1034800,1038700,1042500,1045400,1048300,1055800,1059400,1063700,1077000,1083900,1094800,1098700,1101500,1104500,1109500,1103300,1113000,1118800,1128800,1138200,1161400,1191900,1220100,1242300,1271400,1296400,1322100,1343600,1361600,1387400,1410900,1439000,1494300,1579500,1640800,1686900,1722400,1744600,1762900,1737800,1708100,1653000,1625400,1597100,1589900,1619700,1646900,1684600,1716200,1726800,1728300,1711500,1704500,1698700,1690900,1679300,1675100,1673400,1658900,1648500,1631700,1625800,1604400,1585200,1560500,1548600,1521800,1495000,1455800,1450400,1456500,1452700,1441000,1437000,1424000,1425500,1430700,1445900,1446100,1449100,1462600,1474800,1491200,1498500,1500200,1504800,1518400,1534400,1551500,1564500,1584400,1600000,1630000,1685400,1761700,1801300,1819200,1812600,1802200,1811800,1837900,1863800,1888400,1920200,1979700,2060000,2096000,2099900,2092700,2057200,1999200,1955800
'Fraiser_Valley',353100,355900,358100,361000,363400,366100,370900,375500,380200,383800,387300,390400,397400,404300,411100,419800,428000,436500,442600,448400,454100,455300,456900,457900,462100,466200,470500,475900,480900,486300,488000,489600,491100,491700,491200,491700,494200,498100,501300,501000,501900,501900,497600,493000,489000,480200,471200,463300,458900,455900,452400,455600,459300,462700,469200,475600,481300,485000,488700,491900,499200,506300,511400,517800,518700,518900,516700,513400,511800,512600,513000,512900,515200,522500,531800,541300,548400,550100,553300,554000,555000,555700,554800,553200,552900,556500,563900,567100,570000,568800,568700,567600,566000,562400,557700,554800,555200,563100,569000,571300,573300,573000,572900,572700,572500,571500,570500,571600,574000,581800,584000,584000,585400,588600,589100,590700,593600,596700,597200,598200,605600,611900,622200,629100,639500,651000,660300,669300,678400,689900,701100,710300,738000,785400,825700,860100,894200,915200,925000,928000,920600,906500,896000,889900,893800,904500,924600,946100,970900,991400,1003700,1004600,1002200,999300,1002500,1006800,1015800,1021900,1030000,1040500,1040800,1036700,1027000,1015900,1002200,993300,977500,964300,962500,970400,963700,969000,964700,962600,962700,960700,960300,968300,964400,967200,974600,994700,1003300,1008000,1007700,1012000,1032800,1046700,1059700,1075000,1089200,1109200,1147800,1217300,1291100,1327900,1350900,1349500,1348200,1372300,1398200,1441300,1493600,1545600,1640700,1731300,1769600,1748200,1705400,1645800,1588700,1507800
'Chilliwack_and_District',241700,244800,251800,256300,258900,259200,264100,266200,270200,270000,272700,270700,280700,284600,288500,293000,299900,301100,308000,312200,316400,319400,320600,317400,322700,326000,330900,339200,350500,350400,355200,356000,359200,361100,360000,361600,367700,366200,370100,370900,364800,359500,360800,354100,353000,339100,324500,328400,318700,324800,323100,324400,325100,330700,333400,332000,331500,336300,343500,331000,338800,338200,345100,349700,343600,345400,349100,347300,339600,339600,334200,323900,320200,321100,333100,333000,342100,341900,337500,335700,336700,331900,332200,337600,331400,332400,341300,336100,333000,336300,334200,334700,334700,331000,329700,332300,332400,332400,341900,343300,345200,340000,336500,347200,338500,338600,335400,342000,341800,349700,337200,340900,344600,344500,346800,344800,341900,343000,348900,354800,353300,355200,357700,360200,359200,367700,369600,371200,374300,377300,387200,387400,387800,403400,426300,442000,469200,484300,489900,493400,495300,490100,487700,492100,509800,515800,520700,545100,562900,567900,575600,577700,572500,590700,591600,593300,603600,611300,628300,633900,618100,626000,609200,612300,608100,596900,592400,582800,595300,582700,598700,602700,595000,595300,591000,600000,595800,595200,601000,585200,600100,606600,612800,609100,630300,636000,636700,651800,663700,671700,685300,690300,745400,800700,837900,843000,846300,858800,858100,881900,896100,929200,971900,999700,1076700,1117100,1058700,1028700,997100,962500,963000,898700
'Interior_BC',223000,227300,231700,238900,241900,244900,249700,253100,258700,259000,259200,261900,265800,276800,280400,292300,300400,304600,308000,313700,314300,319500,314900,316500,324100,333700,338400,346900,354800,362100,373300,376100,384500,387500,387300,381700,388500,397400,405600,407600,405400,405000,401000,393500,384800,374900,363900,351900,354000,351100,345200,352200,351600,355800,362800,364000,365500,365000,367000,366100,365100,369100,369500,373200,377000,373500,370700,367100,358900,363100,356200,345800,351000,355400,353300,356900,364200,359400,361700,357000,354200,352100,353200,348500,347700,346200,353100,354100,362900,355900,353300,359400,355000,347600,349000,347100,338300,343700,345200,356800,355700,359900,358800,358700,362500,352800,354700,348300,351700,355000,359300,366500,371400,371000,377400,378000,379200,372600,373800,372300,365700,374900,384300,392600,395000,398200,395300,399600,397600,393400,395700,394200,383700,396900,415300,418700,426200,433200,444200,446300,447200,449600,449000,445600,454300,456400,464800,479100,488400,499100,498100,494500,498100,495100,498700,495700,502800,507000,516200,518000,521800,522600,528600,521700,515200,509200,506300,497000,504000,497400,511600,515800,520400,513200,521000,517200,517300,510500,515100,513300,514700,525700,525000,528700,531100,539000,545100,555200,564400,576800,582800,591500,602600,629000,661900,695400,710800,727800,733100,742200,740000,755600,767600,783800,796200,839600,870800,873700,865100,844400,826400,797100
'Alberta',196000,199500,204300,208400,211600,214700,217500,220300,223500,226700,230100,232800,242700,254800,268200,285900,304300,321000,334400,346000,352500,354500,356300,359800,368300,381300,395800,406900,417500,422700,422300,420500,418000,410300,402600,395000,395600,397400,398200,397200,394100,389100,384400,382000,379200,372300,366200,357300,351300,349200,348400,349400,353700,357400,362600,366900,369400,372000,373900,374700,376800,381100,385900,388100,388900,385800,382600,378300,373600,369200,367300,364400,366300,369300,375100,378700,381100,382300,382200,381200,379500,377800,374600,374000,375400,379500,383400,389100,392000,394400,393600,393000,393500,394700,394000,393800,396200,402200,406900,411700,414400,416300,417800,419300,421400,422900,422500,423500,428000,436500,443100,447900,452600,454700,454800,454700,455000,454700,454700,453600,454400,452600,452400,451700,451100,451600,452700,451600,450500,447000,443300,439900,437900,436300,435400,436400,438600,439800,440800,441300,440100,438000,435500,434200,435300,438500,441400,444100,447500,449700,449900,448900,446600,442600,441000,438600,440000,443900,446700,447600,448100,447800,445000,442600,438200,437100,434400,430300,426500,426600,430300,431500,433300,434700,434000,433400,432300,430100,426000,423200,422800,424200,427900,424600,425600,427000,431600,433700,434900,435300,436600,436300,437600,444900,457500,465600,471700,475700,477100,475300,472700,474800,472900,475300,487400,514000,531100,540000,540700,539600,534900,525600
'Calgary',240100,241200,245800,248500,250300,250900,252900,254500,257400,260300,264900,268200,280600,296600,314500,333900,353900,370400,382700,390700,392300,389300,386600,386100,390800,402300,415400,424400,433800,436600,439800,438500,437900,431200,424200,415400,416000,418300,419200,419300,415900,410800,406100,404100,401800,394800,388800,378000,369400,367400,367100,366800,371000,374500,379800,384500,387100,391400,393400,394900,396600,400800,406000,408500,409000,405700,403100,398600,394100,388700,387800,384000,385900,389700,396400,399600,401800,403600,403900,403200,400700,399600,395200,395300,396200,399900,405100,409900,414100,416600,415300,416600,417100,419200,418400,418400,420200,427300,432900,438100,440900,442800,444600,447000,449900,452700,452300,454000,459000,469500,475900,481000,486300,488800,489000,489000,490100,489000,489700,487500,488900,485400,482800,481600,479200,481400,483000,483100,481700,477700,472600,470700,468300,464900,463400,464800,466800,467600,469500,470300,469200,467400,465200,465100,465700,469700,472900,475400,479900,483200,482700,483400,480900,477700,475800,473800,474600,478000,480900,481900,481300,481000,478200,475900,471800,471800,468500,463700,459300,458900,461300,462400,464400,466700,466400,466700,466000,463800,458500,457400,455900,458300,461300,457300,458000,457100,463200,465400,467600,469300,471000,471300,473100,481700,497900,505900,512800,517100,519400,517100,514800,517300,518200,521900,536700,571900,588500,597400,598800,597200,593500,587000
'Edmonton',194400,196200,198600,200300,201400,202800,204100,205500,206900,208600,209500,210700,217300,224300,231300,244300,258100,271600,283800,297100,307100,313500,319000,326600,338800,352400,367200,380200,391500,399700,392500,388900,382300,371900,362100,356400,356900,357700,358400,355500,353100,348300,343900,340700,337200,330900,325100,319600,318700,316900,315200,318800,323500,328000,333100,336600,338900,338400,340200,340100,343100,347800,352300,354300,355700,353500,349900,346500,341500,338900,335800,334200,336300,338000,342400,346800,349600,350200,349600,347900,347500,345100,343600,341800,343800,348300,350300,357200,358000,359800,359800,356300,356900,356800,356200,355600,359100,363200,366300,370300,372700,374400,375300,375400,376100,375000,374300,374200,378000,383200,389700,394200,397300,398500,398500,398100,397000,397700,396800,397500,397200,398300,402200,402700,404900,403000,403500,400500,400000,397600,396500,390700,389500,390800,391300,391900,394600,396500,396500,396800,395700,393400,390600,387700,389700,391900,394700,397800,399700,400500,402000,398700,396900,392100,391200,388400,390600,395300,398300,399200,401400,401000,398500,395900,391200,388600,386600,383500,380800,381700,387100,388500,390200,390300,389400,387600,385700,383700,381400,376400,377500,377400,382400,380300,382100,386900,389700,392100,392600,391800,393000,392100,393100,398800,406600,414400,418800,422100,422000,420600,417300,418700,412900,413100,421100,435500,452300,460700,460200,459400,452900,439700
'Saskatchewan',111800,112500,113600,115400,117000,118800,118900,119200,119200,119700,119500,118900,119600,121000,122900,125500,127900,129700,131100,131700,132400,133900,135600,137000,139100,144200,151500,161300,175300,186700,196400,201900,202800,205800,206300,209500,216000,226400,238500,248000,251500,253100,250500,247900,243600,238500,232400,225200,222700,223800,225700,227800,230300,231300,232500,232800,234000,235200,237400,237700,239700,245400,252700,257800,259800,261200,261700,262800,261800,260100,258700,258400,259400,262800,267200,269400,272900,273300,273800,272400,273500,275000,276500,277600,278300,281700,285400,290200,294500,296400,298200,297700,298300,296900,295100,296600,297900,301700,302700,304400,306000,307200,306700,306900,307200,307100,305700,304200,304900,305300,308300,310600,312500,313000,313300,312400,312700,310600,309300,307800,307000,307700,308100,311200,312500,312200,312400,311200,310800,310200,308300,309000,306700,309000,311400,314500,316800,316500,317500,317200,316200,314100,310800,306600,304800,305200,310300,311500,313900,312600,310200,308000,305600,302900,299600,295600,295800,295700,295500,296700,299700,301300,300400,298500,296100,294500,293600,290700,288800,286600,287700,292000,296600,297000,296800,295500,294500,293100,291200,289400,288600,289300,290900,292000,296100,301200,305200,307000,309600,310600,309300,307100,307200,314600,322000,327400,331200,332400,332700,332400,330400,329300,329200,328700,329100,331000,338100,342300,345800,349300,350800,349300
'Regina',103400,104500,106700,109100,111100,112500,113400,114700,114500,114600,114000,111900,112800,113800,116300,120000,121800,122200,123800,123200,123000,124000,125100,125400,126000,130800,140600,147200,160500,173800,183900,188500,190300,193500,194000,196000,202500,216100,229000,241100,241200,239900,236900,234000,228500,222700,217600,208600,206400,210400,214500,218100,220300,221900,223000,222600,224400,226900,230200,231000,231200,237300,246300,252000,253600,254500,257500,255700,255700,253500,253700,255400,255300,263000,269000,271400,275500,277000,281000,276800,277500,276600,280100,281900,285600,290000,293300,300500,304700,309100,308700,307900,306200,305100,301500,301900,304200,309400,310800,312400,314100,313600,312100,310000,308600,309400,307300,305600,306500,307800,312800,311900,311900,310800,311100,309000,309500,304900,301700,299400,299400,299500,298300,306300,309700,310500,309300,308600,307800,309900,307000,307300,305700,307800,315000,322300,326700,325500,326600,325000,325000,321200,316200,312900,314400,317800,317900,320400,324800,322900,319900,317100,314100,309100,306500,303300,299800,299300,298600,296400,303000,305300,304400,301600,299100,297600,295700,292100,288700,287900,288400,291100,295000,297700,296600,294600,293100,290800,288800,285500,285800,284300,289000,293100,298600,304800,307900,308900,312100,310500,307100,302400,302300,307500,317300,321300,326600,329000,331100,331400,329900,326700,323500,324100,328000,329600,334800,340500,342700,343700,345000,340400
'Saskatoon',138200,138600,139100,140600,142100,143700,144100,144500,144900,145100,145300,145500,147400,149300,151200,154000,156800,159800,161400,163000,164700,167000,169300,171700,176000,183800,191900,208900,229100,243400,255700,263200,260900,262500,260700,264400,272700,285700,300600,311500,313800,313600,307700,301900,295800,289300,281500,274600,272900,273800,274600,276900,278700,278600,281600,282900,284300,285100,287300,287400,290000,297600,306400,311100,312100,312100,311200,315000,313700,312300,310300,310700,313200,315900,319600,324500,326800,324400,321900,322500,323800,326200,326700,326900,327400,331500,338200,340700,344900,345000,346600,347600,349200,349500,348600,351500,353500,355900,356600,360200,360000,361000,360200,361200,365500,366300,362800,361700,361100,362300,365500,368700,370400,370500,370300,369400,371200,369400,370000,366500,366400,369400,367700,368700,369100,368900,368800,368300,367000,365000,361200,361600,360300,365100,363700,365500,366000,365400,363900,364800,365000,364700,361100,358100,354800,354500,358100,357400,359600,359100,357500,356000,352300,350600,345700,344600,347300,346300,347200,349500,355400,355400,355000,351800,351500,351000,353400,350800,346800,346400,346000,351500,353400,352500,352600,352900,354100,352500,348200,346200,343700,347200,349000,348700,354400,357500,361100,363100,366600,367100,366200,366800,369200,376800,384900,391400,393100,396100,395600,393800,389800,390700,392500,393600,393900,394900,404500,407100,413200,419600,423600,422900
'Winnipeg',121500,124900,127100,128400,130400,130800,130300,130200,130500,130300,131200,129600,135300,138400,141100,144300,146100,146200,144800,144500,144500,145100,143000,145400,150400,155900,158400,160400,164000,167700,167400,167500,167400,168900,169400,174000,179700,182900,188700,190700,190900,188600,187500,187000,184900,181100,176900,174700,179000,186800,188100,189800,193500,194900,193900,195200,197300,196800,197500,199200,204100,208300,211100,215800,214800,213100,211900,212000,212100,212500,213900,212700,215100,222000,227100,228000,229800,230500,231400,230800,230300,230600,230700,232300,239600,241200,243000,247600,248100,246700,244400,245000,244800,241400,238400,241400,246500,253500,253100,254300,254100,255600,253700,251100,251600,248400,247900,248800,252300,254100,259800,260100,259300,258900,257900,256300,254700,252300,247900,248700,251700,255500,258900,261300,262400,261400,262400,259000,260000,258800,254700,256400,259800,263600,266300,268700,271700,271000,268400,268200,269900,268500,270600,263500,267900,273500,278300,279700,280900,280500,279500,279300,279800,279600,278100,277400,281000,285100,286500,289200,287900,287400,286400,287600,284500,282800,280700,276900,282900,285600,291800,292500,294000,294400,290500,290600,287400,286600,286600,284500,288300,293500,296800,295000,299900,305100,306400,308100,308200,312300,310000,310800,319200,328600,334500,343900,348500,352900,345700,347500,347300,346900,352500,347600,371200,381500,385900,385900,388600,377800,367200,361500
'Ontario',226900,231100,236000,242300,247600,252400,254500,257900,261100,263800,266500,267400,271600,276200,282700,287800,291800,294100,294800,296400,299400,299500,300100,299700,303300,309800,314800,320200,325700,329800,331800,334600,337500,339600,340700,340800,343900,346600,347400,349100,349400,348600,345100,343600,342100,337000,332700,325600,323800,323000,324300,328700,334200,339900,343300,347700,352100,356400,358800,359900,363200,369500,373200,375300,375900,374300,372000,372100,371900,371400,371600,370800,374700,380600,386500,391600,395800,398300,399000,400100,401800,402700,403200,405000,409200,415000,421500,427000,429100,428200,427500,424800,423900,422400,420500,420600,422000,427400,432400,437100,439600,439800,440400,440700,442100,443600,444100,443700,448000,455900,459900,465400,468700,470600,470300,471000,472100,472600,473100,474000,478100,487700,495300,503600,508100,512400,514000,516800,519400,519700,521600,522700,533300,546000,559600,574400,588600,598400,604200,610500,620000,626100,630500,634400,656000,693100,729100,738100,723700,701500,676500,662500,659000,655600,653600,650700,652200,658400,664100,666100,665300,661000,656600,653900,652900,653700,648600,645000,646400,651600,657300,662100,663100,663700,663500,662500,663900,667100,667200,669600,679200,697700,708300,695700,703200,714700,729400,745400,756600,762500,773400,788400,827500,873000,903600,915600,921100,926300,927800,936000,960800,995500,1026900,1056500,1129700,1190300,1189100,1152300,1112200,1057500,1009500,980300
'Bancroft_and_Area',128200,129200,130200,131300,132400,133600,134800,136000,137300,138600,140000,141400,143500,145600,147900,150200,152600,155100,154300,153600,152900,152300,151700,151100,151600,152100,152600,153100,153600,154100,154100,154100,154100,154100,154100,154100,155500,156600,159400,160700,162100,164300,162900,160500,157900,156400,153900,152300,154600,157400,160300,162200,163900,166600,163700,162500,160600,158700,155400,153000,218800,195100,220800,211100,221300,209100,201300,195900,194900,181000,176200,171900,158400,167500,171600,155100,173700,185400,195200,193700,192100,202000,206000,201600,192100,197400,200200,169400,183200,177100,185200,195500,189900,217700,209400,226700,222700,223500,184000,173800,192300,201500,201100,195600,201600,195800,187100,167200,180200,168900,159900,147500,163900,163100,167700,178200,191300,195300,183500,183700,190700,198700,186400,183400,198800,198200,213400,207700,208100,207200,206800,194900,182000,178000,199400,177400,183000,200200,194200,191700,205300,205900,208200,199000,207700,202400,198600,213000,220400,217600,219900,230800,229100,214800,208700,207700,206200,217300,215800,232400,235600,262400,263500,261600,254300,264400,257900,252800,237700,244900,257200,254500,257300,263200,273400,292300,286200,293300,290800,280400,285000,267800,266700,258500,279200,290000,325200,328700,339300,345800,343300,345400,331700,367200,406600,441900,454100,455600,506600,516900,495000,485000,474200,469500,452000,481000,484000,484800,514500,544300,544700,550700
'Barrie_and_District',220900,219100,217500,218900,221800,223800,224500,226500,228800,226900,229600,232500,230800,234600,236000,235800,235100,238400,237800,238500,238200,238100,233400,235400,237400,240900,242700,241900,244900,247300,247200,249900,250200,249300,250600,248000,250200,256300,257100,255600,259200,261800,258600,256700,256300,254800,249900,245900,245000,246500,247100,247900,252100,256200,256600,257300,257900,260200,260400,264000,259500,262300,265300,269200,270700,269500,270900,269600,265700,264400,264300,264600,264000,267200,267800,274700,277900,277700,274700,276100,277900,276500,278700,277400,277600,280000,282200,289000,290500,291600,292200,293400,293400,290500,294900,293400,291200,296100,299700,302900,307900,308400,309400,308800,314500,311900,310200,309200,312600,315000,319800,322900,331300,332500,333900,331100,332700,332800,331800,330900,329100,341600,347500,351200,354300,359800,362600,366000,368400,370400,370500,372400,380100,393500,400700,411900,420100,430500,436000,442300,451600,454600,459100,464800,476000,517100,549500,562100,556300,542000,523700,513700,508100,506200,502100,500100,509500,510700,516000,521000,523000,510800,505700,511400,505800,510500,500900,504100,501000,510300,507800,518200,518900,528600,528100,528500,525000,530800,531900,534000,534800,554900,561900,558500,567400,576300,589200,602300,622000,640900,654500,669100,699100,755200,781200,792300,794900,806100,814000,823200,842000,877600,902300,929400,992000,1058100,1063800,1041700,1003100,949800,908600,869700
'Brantford_Region',173000,172400,176900,174800,179600,179900,180600,179100,182300,179800,172800,184100,179000,186300,190400,195200,202100,198700,196400,195200,194100,196300,196700,196300,193900,193000,200100,200000,201500,204000,206600,207000,207000,202100,205600,199900,213000,208500,209600,210800,213200,212700,213400,214900,209100,205700,205400,200000,200200,194500,200500,202700,201100,199300,200600,199200,205700,201800,204900,210800,206100,204500,204500,214900,214500,214000,214300,215000,216600,212700,205600,215800,208100,216400,219900,220200,227400,225000,227400,225300,232200,230400,226900,228800,234800,234000,234000,238500,239300,247800,246000,238800,239200,240900,243700,242400,251300,245500,252600,253500,256300,257200,261500,259700,257300,253500,251600,256300,251600,260400,266300,264500,264600,261400,264800,265400,261700,266000,263800,267200,266700,271800,271800,276400,279700,280800,284300,292000,290200,291100,295400,293900,292600,303400,311100,314500,321400,326400,331500,333200,337400,344000,347100,342300,361400,373700,380600,399200,405800,397800,390800,380000,396200,385800,390600,387600,400200,398300,416700,414900,409900,415200,404500,409300,404200,413500,409900,405500,411400,413900,434600,434100,439400,435500,448300,442900,446000,449900,453000,451300,468400,469400,468600,468400,478900,493500,507300,525000,533900,536400,548700,555200,587000,618300,653600,686200,676100,698900,689700,706800,724400,737700,770300,775700,881600,898900,890900,852900,816300,778500,735000,729900
'Cambridge',213800,212500,217900,219200,222000,223400,223000,219200,221700,222400,228500,224200,221000,225700,232500,235000,236700,232100,227000,229600,231000,234000,228000,229000,231700,231600,234200,238600,240900,243800,241000,243400,245100,245300,245200,243200,248100,245400,250500,252300,256400,256200,253400,251200,251900,247800,244600,242500,239600,242900,247300,247900,249100,249900,249900,251500,254700,247700,252100,249700,252300,256400,257800,264100,266900,266400,264500,273000,268300,264700,265200,268600,267800,271500,272700,277500,277200,274100,274800,278100,274400,279500,278100,271700,282300,284600,289400,288200,287200,290800,291500,293600,296900,283000,289800,286000,288700,296600,300700,299700,299000,298300,306900,300600,306300,297900,298900,297200,305200,303000,305500,311200,314400,316300,311700,309700,316400,315400,317100,316600,315300,316200,327500,329000,327700,325800,330000,331300,331600,336200,330700,336900,335700,353400,354600,361100,364400,370100,379700,386300,389800,401500,410000,394800,434300,442100,471700,480500,471700,454400,447700,450100,448200,446800,451400,447500,466000,467500,473500,467200,476100,473400,466600,478500,473600,475600,463200,465600,479600,489600,491700,488200,504000,506300,511000,508000,513700,515000,523000,530700,549700,560500,564500,545300,551000,570500,585300,595300,616800,619400,626600,653300,678200,713900,761500,763500,764800,764300,779800,774700,811100,850000,875200,917700,985600,1055800,984100,919500,865300,824100,789500,764700
'Grey_Bruce_Owen_Sound',173300,174300,175300,176300,177300,178300,176500,174900,173300,174500,175700,177000,180300,183800,187600,189200,190900,192700,192900,193100,193400,192200,190900,189800,191000,192500,194300,199300,204500,209900,207700,205600,203500,207000,210800,214700,212900,211200,208700,211400,213900,216000,215100,214200,213600,212800,212300,212100,208000,204200,200200,203000,206600,209800,211200,212900,214100,213500,212800,212000,212800,214500,217300,216500,222800,226400,228300,224900,219700,221700,219500,218200,218600,221200,223100,217500,217900,220800,219500,216700,217300,218000,217200,215200,212600,209500,219700,222800,228400,228400,229500,222100,222100,221800,223900,220800,222600,212700,216900,221500,223800,224100,221500,218800,223000,223700,224000,217400,217600,223700,220300,220500,225700,229200,227500,232900,230800,231000,231800,224400,224800,225200,226900,230700,237800,243200,246800,245700,241300,237000,234800,234400,234800,240700,243000,248900,251900,257000,256100,257700,255700,259400,261500,257400,252800,254300,266500,275600,283700,286500,288900,291300,288800,287800,291900,290300,288100,293400,301400,305700,306000,307700,311600,320200,317500,317200,322100,321400,319600,317400,326100,331900,339200,341500,345500,348600,347100,354300,352600,344200,345200,348300,361700,367500,378800,389000,393800,406700,413100,423400,422500,434100,452100,472600,499400,522000,530700,537000,547500,553300,552000,553300,557300,560700,586100,621600,640800,653800,654100,635300,614300,589900
'Guelph_and_District',253300,256400,257300,260800,265400,262000,262600,263900,266000,264100,263500,265100,265700,270000,269500,272300,273200,274300,271800,275200,277800,277100,276100,273400,276300,278200,281000,282300,287700,287800,285100,288000,292000,289000,292200,287300,290800,294100,300800,300600,301100,299900,302100,300600,299500,300500,295200,291500,291800,292500,292000,295000,298900,298900,298700,301000,301900,305500,305700,306400,309800,314200,321100,320500,323600,324700,324100,319000,329800,328100,320800,315800,323800,328100,332500,334100,332900,336300,332600,332100,338000,336800,334100,340400,338700,343200,350400,354100,357200,360600,362900,364400,361200,358300,360400,362900,363000,366600,368700,375500,383700,378700,379300,378600,381000,384400,380800,375200,376900,385900,388900,390800,394000,394100,393300,393000,398400,397400,395700,395100,398700,405600,407500,414600,415800,419300,418700,418500,422600,420800,417700,421600,432800,437000,451900,452800,463100,462800,469800,476800,486900,499300,500100,503200,515800,541000,563500,580700,581300,567900,567300,553800,552900,554100,555700,563200,560000,573000,584900,582400,580800,580700,581000,577100,584800,591000,591300,578600,588600,601200,607700,611600,619900,613700,608700,613200,621900,619700,615100,630600,641300,660500,675700,666100,664200,674000,694100,719700,724300,742100,755200,764600,828400,846600,878500,883700,887200,898500,897000,893000,920800,934600,973600,990200,1067800,1137700,1119300,1091900,1044400,999200,965700,926300
'Hamilton_Burlington',233600,232800,236400,239700,239500,241500,241200,242000,242700,245100,242200,242400,247200,247400,250800,253500,257200,257600,255500,255500,259200,255200,257100,256500,258900,263100,263300,266500,270900,270800,271900,272400,272300,275100,268700,270900,275500,278700,281000,282900,284600,283300,279600,282000,282700,278200,271800,266200,265700,270500,273100,276200,277700,283300,283600,288400,292300,294700,297600,299700,296600,304000,308600,311000,312900,309000,315500,310800,311500,312400,314900,310900,311700,313600,322500,324000,327300,327500,331500,332800,332200,330100,330300,333800,336000,339900,348100,352200,353300,353900,353700,354600,349100,354700,349300,353300,359100,360800,365900,365400,372400,372800,373900,373400,375500,376100,374400,377600,378900,392300,393400,397600,398700,404100,404000,404800,407700,403300,407300,403900,417600,421500,430900,435600,439900,446400,444500,450700,450200,446600,450200,453400,465300,472900,483100,496500,506400,518000,522600,519900,537700,532400,538100,537700,568500,587900,615900,632700,617900,601300,577400,572300,576800,575600,585100,587100,582600,590400,598100,603400,610200,599600,603900,602900,594000,598600,599600,604300,606100,612200,613800,619900,619000,623000,623000,626300,626600,635900,639800,638800,645400,661800,674400,666600,673900,690900,706300,723000,741000,745300,756400,779000,816700,865400,892800,895800,902600,903900,901600,916500,940600,971300,999100,1027800,1106900,1166000,1151600,1103300,1067100,1004500,945800,923800
'Huron_Perth',156300,156600,156900,157200,157600,157900,159200,160600,162100,162100,162200,162300,163700,165200,166700,166800,166900,167000,169200,171400,173600,171200,168900,166700,170200,173800,177400,177700,178100,178400,179700,180900,182200,180000,177800,175700,175700,175600,175300,179200,183100,187300,185400,183700,181900,181300,181000,180600,179000,177600,176200,177000,177800,178700,180800,182900,185000,184600,184100,183800,185200,189200,190700,189400,192200,193500,193000,192800,190400,191600,192400,196000,202300,192400,189600,193200,192400,196700,195700,193000,195600,193300,193000,194100,193900,196000,188100,195100,196100,196700,194500,195000,195700,194400,195300,193500,198300,198300,198300,205200,207300,209100,207200,206700,207000,203900,204300,203700,206600,210400,206500,208300,207500,211800,213600,214800,215700,215300,215700,212100,216600,209700,218300,223900,224500,222800,218900,220800,226700,227000,226000,219800,226400,224600,227300,225400,224900,230400,231500,234000,234800,238800,245600,243300,240800,241300,244500,253800,257900,266600,266900,261900,260600,262800,267000,266100,267800,272400,281400,288100,295200,301300,302000,300400,302000,301900,308300,308200,307000,317600,315500,327700,333500,336000,332100,344100,345600,353000,345200,350200,346200,363000,362900,365500,372500,378500,391100,397000,408600,412400,422300,425000,441400,467000,488300,511100,529200,544400,550500,543100,550600,549100,564400,572600,598100,631500,667300,671900,652400,633800,591400,572700
'Kawartha_Lakes',194400,200100,202500,201600,204900,206400,197800,205100,199900,191800,198100,193700,201300,202700,211300,212000,217500,209600,212100,212800,211500,208900,211400,205800,207400,207200,208600,215200,212700,217700,220500,218500,216000,216900,217500,216100,212000,221400,218000,227500,224600,228500,218900,223600,219600,215200,218300,211700,199700,205200,209800,203100,211300,219600,212900,218600,219000,220600,221300,230400,216000,217100,223400,221200,225500,224000,230000,225500,221000,227200,228400,211500,218800,217500,222500,221400,234400,228400,232700,232000,223900,218700,223400,218400,225800,214400,220900,231500,230500,236400,239400,240300,236600,237600,238400,244400,240800,230500,238900,229600,240100,239600,242000,244700,250800,239700,247200,247900,252000,248900,246700,249900,247300,253500,253300,253800,253400,246400,248900,256900,245500,241800,245600,254100,262000,268200,275000,272500,270600,269100,268400,255900,272100,260700,281200,283600,293500,299500,297500,313700,308500,318700,325400,320600,318800,346600,360000,390500,390100,394600,368600,359600,366500,357700,369700,366900,361000,366600,382700,371900,383600,373700,377800,388600,383200,362200,372700,375700,391200,381300,377100,394100,385900,407900,409600,411700,416700,397700,399100,392600,398300,411600,419100,408000,431000,449200,451800,477400,477000,496000,517100,507400,515600,549900,576200,616300,618200,654600,637700,633800,654600,674200,697200,720900,727800,794900,809300,825200,806000,730600,698000,683600
'Kingston_and_Area',204600,203300,206600,204700,207600,208400,202900,207100,201300,202200,204200,208000,211500,214500,221100,212200,215200,212800,209900,209100,212300,213600,204900,204500,211000,210700,210800,218800,219200,214200,220900,221300,212300,219200,219600,222300,222200,222700,229700,222000,232400,229900,227100,225000,228700,227700,225600,229000,220400,226100,224100,228200,232300,234800,233800,229600,234900,237500,230900,236600,228000,236700,242800,245300,245800,248600,247900,242400,245000,246700,235300,245200,237800,242600,250700,257200,260000,263800,260200,257500,258200,256800,247300,263900,265100,263700,260400,273700,271300,271500,271300,270300,262500,275700,266300,267700,272300,266600,272300,277400,271300,268900,265500,268600,271700,269000,275100,263500,258500,269700,276400,285100,280000,277400,275200,279900,275700,279400,268900,275000,275400,280400,282500,283100,285800,282300,273700,276900,279500,284500,274600,274900,265300,274600,278300,290500,290700,286400,288500,288600,281600,283300,282500,293000,289200,296600,307300,304000,309500,313200,305400,313700,307100,308600,312200,330300,332000,326000,326700,328700,333900,341600,338200,335000,341800,340500,347000,345100,344700,350300,358100,365900,363100,360700,369500,371100,375100,371300,375300,368600,372400,383900,390700,382200,396700,405700,415900,427200,428100,431100,441900,446900,474000,505300,515800,525900,535000,534100,524500,544200,537600,546200,565400,571000,611500,657400,668500,636400,628300,598700,574000,569900
'Kitchener_Waterloo',214700,220500,221800,226100,225400,224600,229700,226400,229000,229300,228400,231500,231200,235600,236800,241700,245000,241400,242600,244200,243200,242900,239900,240300,243800,246500,247600,249900,252200,251400,253200,257500,258300,257000,261300,260200,262800,267900,268600,269300,273200,271100,270700,269900,270800,268700,269800,266300,263300,264800,267100,267000,269500,272600,276600,277500,273000,282000,278500,278600,282500,286000,287200,291800,294000,294200,296000,287600,287100,287300,285400,288800,290300,291700,298800,299000,299000,299200,299700,299500,294300,294000,296400,295000,296200,297900,304200,303700,306800,308400,308500,302100,297800,302400,304000,297600,305500,306800,314100,314700,317600,315600,315600,314800,314400,312600,312800,315600,312200,318700,319800,322200,321800,327800,324500,325000,322900,326100,323100,323000,335300,331300,335600,338300,346300,343100,341500,345200,346500,346100,351700,352900,363700,371700,377900,381700,390800,394600,398700,404400,410600,422800,429700,434600,453600,483200,501100,518900,506500,483200,474800,466700,474900,472500,484800,485700,495100,511700,517300,513000,511800,510400,514200,511600,513600,509000,513600,501500,525300,525800,541900,544600,540400,547500,547600,551100,558700,560900,562300,579100,597600,612900,606800,579600,602700,620100,629100,640800,651600,661100,681600,715100,751500,797400,825500,819300,825400,832700,833600,848600,881900,899000,928400,956900,1065300,1093400,1054800,994200,945800,876600,827100,815000
'Lakelands',226000,226100,227200,226600,229300,229800,230400,232300,233700,233600,230000,232600,235900,234900,239700,244900,249000,252000,250100,247900,249600,246200,247400,244800,246400,249100,249100,255000,256000,259300,261200,263700,263100,261500,257200,258500,254200,259500,264900,265600,269700,267100,265800,264600,264200,259700,254500,249900,253000,251600,246900,254200,254400,258300,260100,260300,261500,262500,258800,260400,251800,251900,265100,264000,270800,269400,269800,272200,268000,272600,269000,265800,257400,260300,261200,264300,276400,281800,279600,280700,279200,277600,278900,274100,281100,272700,280700,280300,283100,282700,287700,290500,288000,284100,285600,285700,273300,273900,282400,284700,290400,296000,291200,291800,287700,284700,289700,286100,283200,284500,291200,291700,290200,297700,296700,303300,297200,296500,294100,296000,288600,298300,299200,307800,309200,315100,309100,312500,314500,312900,307400,312200,306600,311800,324800,333300,339300,341100,346700,355700,352700,361100,363600,368700,363700,384000,404700,420800,435400,434900,432200,423500,418600,422100,423900,429100,414600,430500,436100,445900,449300,448900,444500,442000,438500,437800,437300,436400,427500,432900,442000,443200,454600,461200,462700,452200,452600,447300,442100,446500,443300,447100,459800,473700,479300,496900,503500,516600,534600,553000,556300,559300,595000,635500,682100,708200,713300,722800,705900,704100,714100,709600,725400,739100,785300,845600,865800,853800,833600,802400,759600,746200
'London_St_Thomas',163000,168400,168600,172200,172500,172600,172400,172400,173700,172400,174300,173600,174700,177400,182000,180100,182500,182700,182900,182600,182900,181000,183900,180900,183000,185000,189600,191900,191800,194500,193000,192500,195400,192000,191600,193600,196800,197900,197700,202200,200100,200300,201400,200600,197700,197800,195800,190500,192600,192100,195200,196900,197000,199600,201600,203000,202800,205000,203700,201600,208100,205800,209200,211700,212600,213100,207500,210800,210200,207900,206700,207500,208900,209300,213000,213800,214600,214900,213400,214200,213800,213200,207100,213900,212800,216300,219500,218800,221000,219300,221100,218300,215500,215000,218500,213400,218800,219700,223800,225900,223100,224100,224100,226000,222500,221400,221800,220700,225700,228900,227300,227600,229800,229800,232600,233700,232600,228400,227300,227500,231900,232500,234100,237000,239400,242400,240400,241200,243100,238700,239000,242100,242200,249100,250300,252100,259200,260600,262600,261800,267500,268000,268400,268900,273600,281200,295300,315300,325300,319700,313200,311800,313400,321300,325900,336900,340000,351700,357100,358100,367600,368900,365000,367800,366100,374600,370400,376900,384100,386200,393400,398800,400700,401400,402300,400800,401300,409200,408100,417000,428800,429100,435800,428300,433300,442900,464300,473800,484800,498500,512900,534200,565600,597900,629700,642600,640200,631300,632200,637300,648100,666300,683900,712400,786200,837600,826500,783100,749100,689000,662300,637600
'Mississauga',380200,379600,382300,382500,382700,384700,383700,388500,384700,388500,393300,389300,393400,396200,401100,406200,406500,408000,410900,409600,411800,410600,406400,405300,413000,415600,418800,423100,430100,436300,435300,437800,442400,442400,441400,440200,446200,448800,453300,454800,452000,451700,448400,443700,439600,434300,423900,416200,425100,420100,418100,426400,435300,445300,448200,460000,458800,471600,473300,475700,488900,493300,500000,504200,501400,498200,494900,499000,494700,497300,502500,495600,515500,517500,524600,533700,538900,540400,538800,544600,543700,553300,552000,553900,556700,565500,579300,584500,591100,590100,585000,586300,585400,586200,594200,580400,586800,595500,602600,611500,609800,609000,614500,615000,623000,621700,615300,630500,623300,639800,645600,662100,670700,671000,668900,668700,669200,665200,672100,674000,665700,692000,720000,740900,739300,737600,730700,743300,749300,743200,752600,747700,782900,775100,795100,815100,842600,854700,872000,881900,883600,902200,921800,915900,1001100,1057700,1099900,1093800,1053000,1021500,992700,978600,965900,970600,953600,942800,964600,956100,976800,975700,985500,992800,983300,982000,973600,986200,971500,987000,989800,1000800,1002700,1027800,1025600,1037900,1043900,1039900,1034900,1030600,1035500,1045300,1062200,1124100,1117700,1097800,1091800,1113300,1130900,1144900,1167700,1160400,1184400,1178500,1231400,1316100,1347000,1366900,1376700,1371000,1421900,1429700,1446200,1456700,1490600,1511700,1627700,1716000,1718900,1642900,1593400,1492000,1415400,1380800
'Niagara_Region',174500,175300,176600,178600,179400,180000,181800,180900,184200,181300,182400,184100,183200,185000,187900,189400,190400,191100,191900,192600,191200,190800,189500,190700,190500,192400,194400,196500,198300,200100,201000,201000,201800,202100,201000,200100,197100,201200,202100,203100,204900,203700,205200,205300,206300,202400,202000,200800,197100,198000,196300,199700,199200,201000,203300,203900,205700,206800,208000,203100,206400,206300,209300,213700,215200,213200,211600,211100,209900,209100,206400,208800,207400,212500,211300,215200,217700,218700,220200,218500,215900,216800,216400,215800,215700,218200,219700,223500,225700,224400,225300,225900,222900,223600,222100,223800,221400,223200,226600,230400,231900,232900,232300,232400,229000,233500,230100,230300,233000,236100,235800,240400,243500,243900,244900,242300,241600,242800,242900,243300,244600,248600,249700,256400,259400,262200,262500,263700,265500,266100,268200,266600,269000,274800,279400,287800,294800,302100,306300,311300,315600,324100,327400,330200,339400,351700,374100,389500,396300,396800,384100,378900,380600,382600,382200,383100,381500,389500,392100,399600,403600,402800,404600,403700,401800,408500,403400,402100,405100,407200,410000,418200,425000,429600,429500,427700,432100,432200,436500,438700,444200,455600,466500,466300,467500,474300,488600,499800,509000,520400,531200,548600,574900,613400,641700,658500,663000,671400,669200,675600,683000,698300,720500,737900,785600,830800,841400,827500,809100,769300,730900,701600
'North_Bay',134600,137100,139600,142100,144700,147400,147400,147400,147500,145700,144000,142200,147100,152200,157500,159100,160700,162300,161500,160700,159900,158500,157200,156000,161200,166600,172200,172700,173200,173800,175800,177800,179900,180200,180500,180900,182600,183900,185600,186700,186800,187400,190200,192500,195900,191500,187800,183600,185300,186800,188000,191200,193600,196100,195700,195600,195300,196800,198400,200200,201200,203300,204900,207100,206300,210100,207900,209200,206900,201600,197200,198800,203000,211500,211400,216300,221700,222600,218300,218800,214500,214800,208400,209600,203500,196900,210800,213700,219100,216800,216900,210800,213300,209600,207500,204400,204400,208900,215100,216600,216800,216600,213000,211400,210300,211300,208200,207600,201300,195700,203500,203800,209300,217000,210900,209900,209000,206500,199200,197700,198200,195900,201600,207600,211200,210400,209400,206900,202100,204400,202500,196600,197100,201600,207900,206900,208400,209600,212500,212200,209400,213000,209400,210200,213500,212600,211900,212700,221300,224600,225700,225400,222700,218100,209800,206800,208500,208700,212200,211500,220800,221400,223300,223300,223300,223800,212700,211600,213500,222000,222600,226400,228100,231500,232300,234300,233200,229000,224900,220100,219900,221400,222700,228900,231600,243300,255600,262100,266500,269900,269400,276800,281000,304100,323400,341200,349000,353700,351500,345000,344500,358100,371100,386800,406000,433500,463000,475600,459600,437300,409000,390700
'Northumberland_Hills',207700,207400,207000,206600,206300,205900,208600,211400,214100,213000,212000,211000,212700,214600,216500,217400,218400,219300,219300,219200,219200,216200,213200,210300,212700,215200,217600,221600,225700,229800,228400,227000,225600,227600,229700,231900,231100,230200,229200,230500,232100,233500,231400,229000,226800,225100,223300,221400,219200,217100,215200,219400,224200,228400,228000,227300,226700,226800,226300,226300,229000,218800,230700,227000,232200,235600,240200,242100,236200,236000,221900,226000,223100,232900,234800,235000,238300,242000,247300,247200,242400,234200,234200,235600,239600,239500,245100,243700,241600,241100,239500,237800,235800,242900,241900,239600,243800,244000,254900,251100,257800,258300,262200,264900,267200,264800,257400,250900,245400,250600,251400,255400,260800,263700,270000,272800,277100,278900,274500,270600,261600,269400,286000,291700,298900,298400,302800,306400,303200,298200,297400,303300,302900,304700,311000,322900,328200,337000,345600,353700,362100,363800,366600,362100,361100,390900,420200,439500,443700,444700,441700,425300,424900,415700,414800,412300,407700,411200,416000,426400,426500,434100,428100,429300,419500,423600,427900,424400,421700,430600,424500,433200,438900,454600,456300,466600,460000,463900,448700,450000,451300,473000,472800,483100,475800,483700,510700,525400,544000,550600,562300,571200,593700,620500,657400,674800,674000,678600,682000,685800,700900,715500,742400,765500,808400,857300,904400,883200,872200,797500,756500,732700
'Oakville_Milton',409600,417000,426100,426800,427900,432600,426300,432300,431700,439300,434400,441300,444200,448100,458500,463000,460200,458100,457500,459100,465500,461200,459200,456400,465500,473400,474900,479800,485900,486000,487400,492900,489000,491100,497000,495800,505500,507200,503500,505200,505300,507000,501700,500700,495900,479000,488700,462900,469300,464800,463500,474100,488900,500100,497400,506900,516300,527200,534400,530700,546200,564300,560000,556000,556800,558300,542100,547000,554300,540000,542200,556500,556500,569100,571900,579400,583600,582900,589100,587300,606100,598700,587700,596200,607500,612000,616900,625500,627400,621100,635900,629200,633900,623100,632300,619100,633300,647100,652000,666100,661700,656800,664300,668100,665200,685700,686400,672700,691300,692200,699600,711700,723400,717900,722200,731500,723000,727100,726900,752900,741800,760000,752300,772100,771300,776700,788800,789200,786300,780600,805300,784200,823800,839600,871600,877600,908200,925100,932800,940000,965700,967800,985500,988100,1049700,1133700,1188200,1145700,1098700,1071300,1017700,1022400,1024900,1014700,1015700,997600,1007100,1033900,1039800,1037800,1027000,1029600,1013200,1025500,1022400,1017700,1014900,1028100,1031800,1033000,1033200,1046500,1047000,1044800,1054300,1047600,1038800,1047600,1043900,1059500,1067200,1093100,1127500,1099400,1101500,1129600,1115500,1137700,1163300,1155500,1179900,1218800,1313300,1375200,1383600,1391800,1374600,1406200,1401800,1442400,1500200,1590400,1637400,1678000,1854100,1910100,1846700,1734800,1645100,1578000,1472700,1462900
'Ottawa',257200,258900,258800,260600,260600,261100,260400,259200,258000,259200,258700,259700,263300,264800,268200,270300,272500,272300,273200,274000,275200,274500,273600,273900,277800,281300,283300,286200,288800,291600,292600,292600,294500,295700,297500,299800,300800,301800,303400,308100,310600,313700,313200,312900,312400,308500,304700,302900,304300,305800,308300,311600,313800,317100,320000,323300,325700,328000,330000,331200,335500,338000,341200,346700,349500,348400,347800,347900,346700,344700,345700,344700,350600,354400,361800,363000,365900,366000,365200,363800,364100,363900,362600,361500,362600,368400,373600,376200,375000,374500,374700,369800,366700,367500,364700,364000,368500,368000,371800,377000,378600,379900,377500,379400,377900,375900,373500,369900,370000,374400,379500,383300,385000,386700,384300,383500,379100,377800,376000,371700,371700,379000,382200,387200,390500,390300,389300,386700,385100,382400,381400,378400,380600,384600,388000,392200,395600,396000,397300,397500,395100,392900,392900,391400,393400,400300,406900,409700,413600,417300,420300,420700,423000,422400,423300,423200,425200,431300,439400,443800,446200,447700,447900,447200,449200,450900,448600,452800,451200,460000,466700,474800,477800,482500,485500,489400,490900,493500,499500,501800,512000,536600,547300,538200,550600,555200,568100,585100,597800,601600,609100,621700,653600,691200,720800,730200,735400,727800,715800,706000,701500,709200,713300,727000,771400,810200,826200,820200,807200,786200,763100,735300
'Peterborough_and_Kawarthas',204100,206100,208200,210300,212400,214600,214000,213400,212800,212600,212500,212400,215200,218100,221000,220700,220500,220200,220100,219900,219800,219500,219300,219000,220200,221400,222700,225100,227700,230300,231400,232500,233600,231800,230100,228400,230100,231800,233600,234300,235000,235500,234600,233400,232900,231300,229300,227100,226200,224900,223300,225700,227600,230000,231100,232500,233400,235000,236700,238500,233200,237200,239700,244400,244100,244000,247000,248800,246700,240100,241400,234600,241500,238900,239200,247100,247700,251300,246500,245900,244900,246500,245300,244000,238900,242200,245400,247100,249800,251800,252700,256000,254500,255000,255300,252300,252800,249500,254700,258700,262000,259600,260400,256700,256600,253700,256200,253500,253100,258800,261200,265600,265400,271700,271100,269600,265600,263500,265900,263100,262300,257300,261300,263800,271500,277600,282000,283100,281800,280500,282800,282200,281800,280100,287700,291800,297500,305100,312000,318400,319600,327700,322600,329500,329600,340700,358400,375600,386200,393900,387000,380100,373900,375900,379000,379600,382300,385900,404200,406500,418300,418700,425100,423000,418500,422800,417500,423000,421400,425300,429500,429900,437600,438500,441900,446100,435600,438500,433400,435900,432700,436800,447700,456800,457200,464700,469700,478300,494300,501500,507600,517200,534300,559800,585700,612400,623000,635400,629700,639100,648500,663600,673500,682500,712900,765200,802500,792800,793800,760300,741500,713800
'Quinte_and_District',159000,155800,163800,165700,164500,166700,167400,169200,173500,165900,169400,158800,165100,169100,172000,175700,174800,176600,180200,174400,174900,175400,174500,174700,176500,177800,181900,184200,189700,190300,197100,193800,194000,190400,189600,184900,192400,191500,193900,199000,200500,199500,198000,197600,196800,191200,193400,188400,189800,190300,189000,191900,195100,193200,198100,193700,197700,194200,195200,192100,185400,192600,196500,198400,202600,195600,196900,196000,198100,192300,197800,192200,190000,191900,198600,203100,201800,202100,203800,197000,196600,201200,200400,195700,199900,201200,201400,205800,207900,208400,204100,207100,205300,201700,201500,199300,200300,194300,203300,204700,207200,205000,204700,204000,204200,198700,200700,210300,200700,206700,203200,211700,210400,210500,210600,210700,211600,205200,212700,208100,211500,212000,212200,219300,219900,221100,217700,217400,219300,223000,218400,220500,214500,217500,225600,226700,227600,233800,236200,238400,241200,236100,244400,242400,251300,253100,264000,269700,279400,283700,281500,285400,283600,286900,284500,278200,294700,293900,302200,304700,311000,316000,311800,309100,315800,323200,314400,303000,312800,327400,324900,331900,334500,333200,337300,336500,342000,339400,344000,340800,350500,363100,359800,362000,373700,373100,395900,401100,411000,419700,437100,445900,468100,500900,514600,520100,534000,530600,543100,542500,558600,558800,574200,598300,636900,666500,674600,666700,644400,610100,579100,561900
'Rideau_St_Lawrence',180500,188300,181600,186200,186100,187600,191000,190600,189600,186700,188800,192600,192600,190900,192000,196400,193300,196300,196400,197900,197400,193900,196100,200000,195400,196100,198700,200500,207000,208600,206400,210400,213200,208400,207400,207600,207200,207300,212100,211400,215400,220100,221300,219200,219800,216900,215900,205700,216800,213000,214900,219300,225100,222600,222900,225900,227400,226500,224300,230200,221500,225700,221100,228300,231000,236600,237600,241900,233500,234000,235600,229600,224300,229400,235500,242600,238100,244400,241100,244500,238100,237200,235400,239000,245400,244200,245700,248500,248300,245000,248900,246500,244500,241100,228600,232700,240300,242000,243600,246800,250000,245600,248500,245900,255700,246800,246000,244100,235300,238800,241700,250400,250300,258400,264700,252900,248400,245200,244000,241700,244500,253600,251300,258500,260400,260500,260100,257900,257500,248400,254400,248400,252100,260600,251600,260500,266100,265300,264200,267800,272600,270200,273300,271200,271700,276300,278300,279600,285200,283300,280500,279100,282200,279800,281600,283800,278500,284200,287600,290800,298400,299300,300800,299300,303600,295400,297300,290200,297300,298100,307500,316100,323400,329700,325100,334000,334600,334500,336800,345500,347200,354600,354200,349700,365800,378700,390100,398300,409300,421500,431100,429000,444800,476000,524600,527100,541400,541800,534000,531400,529400,537000,545500,546700,576400,614000,627000,624800,613500,600500,596900,572900
'Sault_Ste_Marie',102600,103000,103400,103800,104200,104600,106700,108800,111000,109700,108500,107300,109600,112000,114400,116700,119000,121400,120400,119400,118500,119500,120600,121800,127800,134000,140400,137900,135700,133600,133100,132700,132300,129600,126900,124300,125800,126800,127700,130800,134500,138800,139600,140800,142800,138600,134500,130700,130700,130800,130700,133300,136200,139400,139500,139400,139600,140800,142100,143200,148000,149500,141700,146200,146300,149300,147000,146200,148800,148800,146400,144500,143700,142700,147300,149500,149700,157100,160500,157800,157500,154500,155100,152700,154200,159700,164800,166800,162400,157800,160500,162100,159900,159700,156200,160000,164000,165800,153900,160400,157700,159600,163600,160500,165200,166500,168700,166700,165700,152300,162400,164300,169700,172300,172500,171500,174300,172800,169100,167500,164600,161400,161200,168500,167200,171500,170300,171100,166400,172600,171300,166700,153800,157200,156500,164500,174300,173900,174400,175000,169300,165800,165600,159400,157300,150800,149900,148100,156200,159700,161200,166000,166700,167400,163800,158800,160900,164900,163700,156000,159400,163100,168100,169100,169800,170700,163500,161300,158500,155500,170500,168300,169300,165200,167000,172000,171600,174700,168100,165100,168900,163400,166100,167300,176500,179600,181800,187900,189100,191500,195200,195700,197700,195900,198000,213200,226100,236000,245900,248200,250500,251400,256200,256700,265900,273100,288100,303000,320700,313600,316500,302100
'Simcoe_and_District',160800,157100,161900,167500,167100,169200,167400,171100,169100,170600,164200,168500,165900,168900,172700,172000,178800,168400,185300,184800,186500,182500,181100,183300,183700,184200,189800,187600,192800,196100,196500,192400,194100,189800,194900,186500,196500,197800,200100,198900,202600,201000,202300,200700,199600,196300,201300,200000,194600,196800,190400,195700,190800,192600,192900,200400,199400,195000,196900,192800,202100,197200,200900,200100,204400,202000,202300,213400,207500,207200,201300,210600,200500,206700,207600,205700,200600,205500,205800,206600,207600,203800,205300,205000,200200,197000,206000,206600,210400,210600,208100,204900,211700,210800,205200,196400,206000,213600,209900,210600,208700,218000,206900,211000,213500,212700,218600,212000,211400,217000,213300,216200,216500,218800,219400,225200,215400,222400,220700,225900,216300,227000,222900,227600,230900,238000,234500,233000,238800,230200,238600,232700,233400,232600,260400,248300,254400,259900,262900,271900,272200,272900,278600,277700,271500,274900,294800,292100,323100,313400,303900,319700,307200,324200,321100,313000,310200,331100,327100,330500,343600,342800,344900,339700,350600,342800,338100,353300,344000,356600,362800,365700,372200,370500,377300,371900,371400,381700,382400,371600,376300,390800,398600,403200,402400,414600,418300,438000,433500,432900,448100,464300,465500,495300,522900,543600,547000,552000,555000,562500,585800,571100,581600,578400,639500,662300,689900,668300,674600,635800,598800,576200
'Sudbury',131000,131800,129500,135600,137700,139200,138900,139300,140400,139200,142100,140300,141200,145200,146300,152800,154000,151700,160300,159900,161900,160700,161500,163900,165400,168000,178600,182600,193600,194300,196400,195300,195500,197600,200100,204000,205000,213800,219900,223500,229300,228800,223600,223500,222200,213700,204600,206000,201200,197300,185900,193000,203000,204100,201800,198200,202500,204700,200100,208900,204700,207600,206500,210900,216200,216000,218900,214700,215700,216800,215600,214800,208200,214300,218100,221900,226700,221000,230600,225200,227000,228000,226000,229800,223900,230700,233000,234400,235600,238400,237700,236100,239600,241600,238900,232400,237000,242800,240900,241400,246800,246600,243800,244700,234800,233000,236200,229100,239600,232900,231100,240300,242100,242200,237200,241800,236200,233300,228800,226500,224300,232100,229000,236000,238500,240200,241300,241700,242700,235900,236300,238300,238100,243500,240500,241200,244200,246600,247000,243000,236400,237100,235800,234100,237400,246500,238800,243200,245800,249300,248200,246800,248800,249700,241800,239500,239800,249000,243900,255300,262300,260800,266000,261500,258700,261600,259400,257400,261300,255100,248500,262300,268600,274200,275500,271700,272200,275200,275600,280500,273900,280700,290900,295100,291600,298400,307000,312300,317900,320000,325600,322200,337800,355500,362000,377400,376800,375300,370500,380500,386000,403200,406800,414100,441800,464900,479800,465600,470500,453900,452500,428700
'Tillsonburg_District',136800,137700,138700,139600,140500,141500,141700,141900,142100,143500,144800,146300,145400,144600,143800,146800,149900,153100,153600,154200,154700,154500,154400,154300,155800,157400,159100,159600,160100,160700,160300,160000,159700,159600,159600,159500,160000,160700,161300,163800,166400,168900,169400,169400,169700,166000,162500,159000,159100,159200,159300,160800,162300,163900,163100,162400,161800,162400,163200,163900,166400,168100,169300,168300,165300,167400,166200,164600,165100,168200,165700,162000,159900,156600,162800,168000,167300,173100,170800,173200,172500,170300,169300,168200,169600,170400,170900,176600,175100,179200,178100,177100,177100,175600,178000,179900,182100,181700,178300,179000,183500,182300,181400,180200,184100,181700,179400,180500,185100,187300,187900,184900,183600,188200,187700,189800,190600,191300,190300,189100,189600,193500,197300,198400,200300,195900,194400,196900,196200,194000,193600,194500,192900,196100,202500,205100,209400,213300,212600,215900,212700,212100,215000,213700,217200,218600,227200,235400,239100,246200,248000,248500,249200,248800,251300,257400,259200,272800,274300,283100,287500,285500,290200,290600,297200,300400,303100,304000,310300,309800,315100,323100,324300,332600,330500,333000,331700,327100,328900,336500,340000,341200,348500,351400,355200,364400,384000,390500,400400,412800,423100,441900,466000,490800,516200,544000,548100,557900,552800,558900,568100,570500,571800,590900,602100,630600,653800,665500,671800,658800,648600,625300
'Greater_Toronto',363100,377600,360900,374200,381100,382900,379000,379800,382400,384700,388500,384000,390200,392700,398500,403300,404400,404300,401300,400800,403200,402300,402000,399100,401500,410500,415400,420300,423800,427100,427100,429300,432400,434700,434900,433700,437600,440800,440900,442700,441400,439400,434100,431500,429500,423800,417600,408100,404100,402200,405000,410600,418400,426300,432100,438800,445800,452000,456300,457600,463800,473000,477000,478600,477700,475400,471100,471900,472400,473200,474600,473300,480800,489500,496500,503300,508700,512500,513000,515300,517900,519700,522900,525000,531800,541500,550000,557900,561500,560500,558500,555100,556400,554600,551200,554100,554100,564400,571200,577900,581000,581600,582400,583300,585800,589400,591100,592300,600400,612600,619100,625900,630100,632400,632200,633200,637400,639800,641400,643100,650700,665400,678000,688700,695200,701100,704300,707600,712600,714700,716000,719700,735300,755000,774600,799200,820000,834300,842800,853400,867300,877800,881900,890300,921100,979300,1036100,1048000,1024300,988000,950000,924800,918700,913600,906900,899900,901700,906900,914700,919700,917800,914400,908700,902800,905500,907000,900100,890300,891800,900100,911600,917300,920000,919200,918800,917400,922600,929100,930300,931800,947200,973500,990100,971400,980500,991600,1009200,1026500,1033700,1036800,1048100,1063900,1114100,1168400,1200000,1209700,1214700,1218500,1224100,1235900,1277700,1337200,1386900,1432500,1523800,1603800,1600900,1554400,1495300,1423900,1361100,1321600
'Windsor_Essex',195900,197400,198900,200400,202000,203500,203400,203400,203300,202400,201500,200700,201300,202000,202800,201400,200100,198900,200600,202300,204100,202500,200900,199400,196400,193600,190800,193800,196900,200200,201400,202800,204100,199900,195800,191800,190700,189600,188500,192700,196300,199800,197600,195700,193700,192400,189600,187200,186100,185100,184000,185000,185200,185600,185500,185600,186100,187400,188200,189000,187700,190700,184100,183900,182800,189400,187100,189300,187700,189600,182700,184300,188800,186600,187300,193500,187700,187400,186700,195800,198500,195800,191900,192200,189400,185100,180800,193300,197900,196600,202800,198800,199100,197900,197200,197600,188800,193000,194900,200500,192500,196300,196800,202000,201600,202000,199600,205200,195500,197200,196400,199000,202500,198600,199200,204200,210000,207200,213400,208800,211500,202800,204700,209200,206900,211500,211200,217800,216600,221900,224700,225700,230500,217800,224900,230500,231300,241100,242900,253700,254300,250100,251800,253800,263600,262300,256300,262400,272300,286600,298500,289500,294400,289500,295400,290500,290300,296700,331500,322000,322000,316200,325800,329400,340300,343900,351300,344200,346900,348300,362800,369000,378100,383900,385900,384600,388600,391600,389600,382500,383100,383600,402900,414100,413700,421100,420100,432200,444500,453300,459000,467400,473000,477400,493500,516600,548900,583300,619100,612000,606100,605400,611400,616100,625400,634000,659000,716300,753200,751900,730100,701500
'Woodstock_Ingersoll',169000,170900,172800,174800,176800,178800,181900,185000,188200,188900,189600,190300,192800,195400,198000,199300,200600,201900,201100,200200,199400,199500,199700,199800,201600,203300,205100,205700,206300,206900,207100,207400,207600,208400,209200,210000,211100,212200,213600,212400,211600,210800,212200,214100,215600,212200,208600,205100,202800,200800,198800,200700,202100,203900,204400,205500,206300,205700,205200,204600,202600,208100,205500,211200,213400,214200,214500,213200,215300,210700,214400,211200,212000,215400,216400,218900,220500,219500,220200,219300,217000,215800,213000,215400,221100,223600,224000,225400,228400,232200,233200,230900,226200,225300,225500,230200,224300,229800,234500,232700,231400,235600,235200,233800,235000,234400,235800,234700,229600,231000,233000,238300,241600,241800,244100,244900,244400,247200,245100,239100,239700,242500,245700,247100,252100,252900,256500,255200,257400,258300,261600,261500,265200,266700,273700,277200,280400,284100,285700,286600,290300,294600,297800,301300,302700,314400,331200,345200,360000,369100,361000,357000,350900,353000,355600,363500,363100,370200,375300,379500,380000,385800,389700,389000,393400,399100,397700,404100,400600,407500,401900,410800,413800,421100,420200,428500,428400,422600,426200,430600,437600,444400,450400,454300,456400,470600,483400,497900,512000,528700,535800,553600,562100,596100,645900,678400,690600,686400,674200,661600,679800,698600,714600,728600,767400,829200,861400,857600,814600,762700,730300,698600
'Quebec',189500,191300,193100,194300,192600,192800,193300,193500,194500,196000,195700,195700,197600,200700,200900,202600,202200,202400,202000,202800,203700,204300,205700,205800,209500,212400,214600,215000,217300,217100,218700,219000,220700,222600,223600,224700,227700,230600,232300,233400,233600,234400,234000,235400,236000,234800,234000,232200,235800,237700,237600,238400,240600,240100,241500,242700,244600,246800,249800,248000,253900,256700,259500,259700,262800,263000,264300,263100,264000,265700,267800,268400,272100,275900,277900,276400,277400,275900,275300,278200,279500,279700,279600,280400,286500,289100,289800,290600,290200,289500,289800,290700,289500,288000,286900,287900,292000,294500,295600,294700,294200,294500,293900,294100,292900,292400,291600,290900,293700,297300,296800,298100,296600,296500,293800,294800,295100,295300,295900,294300,295600,300100,303500,302100,303000,303200,299200,298400,301200,302500,301700,301300,304600,308000,309700,311700,310900,312000,311900,311900,313600,314800,315300,316200,321700,322700,327900,329000,330400,330800,332000,334700,334000,338100,336500,337000,340400,346900,347400,349100,349700,349600,352400,354000,355500,357200,355700,353400,360700,363800,365000,368000,368800,372500,374200,372500,377900,381300,379800,376400,390700,398000,402500,399600,397700,404300,416400,425500,429800,437400,444300,445800,458200,474500,501200,514100,519100,525800,521800,523700,523300,530900,535600,542400,575100,584700,595200,600800,604900,594000,574600,565000
'Montreal_CMA',200200,202100,203900,205500,203200,203400,203700,203900,204900,206300,206300,205800,207800,211300,211400,213200,212600,212500,212100,213000,214100,214600,216200,216200,220200,223100,224800,225200,227800,227600,229200,229300,231100,233200,233900,235300,238100,241000,242500,243500,243700,244300,243800,245200,245600,244800,243500,241300,245300,246800,246800,247900,249600,249300,250900,252100,253900,256000,258700,256300,262600,265300,268200,267800,271100,271200,273500,271300,272700,273700,276100,276700,280200,284700,286800,284700,285900,284300,284000,287000,288000,288700,287600,288700,295800,297700,298800,299500,298500,298700,298100,299800,298400,296500,295200,295600,300200,302500,303900,303000,302300,302200,301800,302400,300800,300700,299400,298500,301800,305100,304900,306400,304600,304700,301800,303100,303100,303600,304300,302200,303800,308500,312300,310000,311400,311800,308000,307500,310200,311600,310800,310100,314200,317300,318700,321200,320600,322100,322200,322300,324300,326300,327400,328100,334100,334600,340400,341400,343100,343900,345300,348800,348100,352400,350900,351300,354800,362300,362700,364700,365300,365400,368900,371400,373000,373800,372800,370000,378700,381400,383200,386400,387500,391600,394900,393600,397900,402600,401100,398100,413000,422200,428000,425500,423700,430500,444000,455500,459700,468500,475800,477300,490800,509100,540300,554000,562400,567700,564500,566800,565400,574000,579300,587600,623300,633100,643600,651300,654500,643000,622100,612300
'Quebec_CMA',132500,134200,135700,135200,136300,136700,137700,138800,139100,141300,139400,141700,143100,144700,145500,146100,147200,148700,148700,148900,148300,149900,150000,150600,153000,155900,160500,161000,161800,161900,163500,164300,165600,166600,168900,168400,172700,175100,177500,179100,179700,181500,181700,183100,185100,181800,184200,184100,186300,190300,190100,189500,193400,192100,192200,193200,195900,199000,203500,204600,209100,211100,213600,216700,218400,219300,215200,219200,217700,223200,223300,223800,229200,229300,231000,231900,231600,230300,228400,230200,233100,231100,236000,234900,235900,241800,240400,241600,244700,239100,244000,240900,240600,241300,241700,245500,247000,251500,250900,250300,250900,253300,252200,250200,250500,247900,250100,250700,250500,255900,254100,254000,254200,253200,251400,250600,252500,251200,251500,253000,252100,255800,256900,260600,258200,257700,252000,249500,252300,253300,252500,253700,252500,257100,260800,260400,257900,256600,255600,255200,254900,251900,249300,251200,254000,257900,259700,261000,260700,258700,258400,256700,255900,258600,256200,257200,260500,261600,261900,262200,263300,262300,261300,257800,258900,265900,261900,262900,263200,268800,267000,269600,268700,271400,264600,261700,273000,270100,268500,263700,275800,274400,274200,271200,270900,277400,282900,281000,286200,289100,294900,296600,305000,313400,320100,330300,320500,333500,326500,327300,331200,334900,337600,337400,358200,368200,379900,377400,387500,379100,366300,358600
'New_Brunswick',122200,122900,123700,124400,125200,126000,126300,126600,126900,126900,126800,126800,126700,126700,126700,128400,130200,132000,131900,131800,131700,131700,131800,131900,133400,135000,136700,137000,137200,137600,138300,139100,139900,140300,140800,141300,141900,142600,143400,144700,146200,147600,149400,151200,153000,151500,150300,149200,148500,147800,147200,148600,150400,151900,153400,154700,156500,155900,155300,154800,152000,155000,154900,155700,157500,158400,160000,160600,160000,158300,157800,155800,156300,155500,156800,159300,160300,162600,161700,162500,162900,160800,158900,157200,155700,156000,154200,157300,159800,160800,162200,162400,160600,159700,156200,155400,154800,154400,152400,156000,157800,158800,159800,161000,160900,160800,158000,156000,155600,156400,155700,157100,160300,162300,165100,162100,160900,158100,157800,156400,155600,150700,152400,153400,155900,157800,160900,161900,160200,157200,155100,153700,150900,147900,147500,150700,154500,157200,159500,157900,159300,158100,156100,154000,152200,152800,152600,155000,157700,161200,163000,164000,162500,161200,160000,160800,158300,158000,160000,162600,164400,167100,165900,165000,163900,164700,166200,164700,163600,162600,164000,167600,169600,170500,171700,172500,173200,173400,172300,170900,171000,173900,176200,178100,180200,181300,184700,188300,191400,193300,194800,197600,199300,207300,214100,223200,229800,231400,235800,238900,242100,246000,249100,252200,256800,271300,281800,290900,297800,299900,298400,288100
'Fredericton',121100,121400,121800,122200,122600,123000,123500,124100,124700,124600,124500,124500,125200,125900,126700,129500,132400,135300,134000,132700,131400,130700,130000,129200,130800,132400,134000,134700,135400,136200,135600,135100,134600,135200,135900,136600,138100,139800,142000,143600,144600,146100,145400,144300,143400,142900,142800,143100,142700,141700,141100,142600,144900,147600,148100,148400,148700,149200,150200,151200,156500,152700,154500,153700,157200,159300,159200,157600,156800,158900,162000,159800,159500,161000,157700,161900,162100,164200,163700,164800,162900,164100,167300,166300,166600,168500,165800,167700,168300,170200,173600,172500,171400,168500,170200,170200,168200,169500,167200,169200,165700,166600,167400,172900,172600,173200,169000,167500,167800,167000,167600,169000,170300,171100,172100,170000,167800,167100,167000,160900,165300,164400,164700,165600,167600,166200,170600,170600,168400,167100,166200,165700,164500,162500,165800,165500,169700,173400,175400,174700,175000,172300,170900,171000,174100,170000,169900,170000,172500,175800,177800,178200,178500,178100,177100,177200,172600,170300,170400,173200,175200,180100,181100,180900,180600,179000,181900,178100,177300,178000,179300,185000,185900,186300,186100,185200,186300,186000,186500,183900,184800,190700,190800,192300,194300,197200,200500,201400,204500,205100,207700,211100,211900,216800,223700,235600,241700,245600,245200,246700,247300,250300,254600,255200,254500,264800,283300,293500,297300,305000,306800,297800
'Greater_Moncton',137500,138300,139100,140000,140800,141600,141300,140900,140600,139500,138400,137400,138300,139200,140200,141600,143000,144500,145100,145800,146500,145900,145300,144700,146400,148100,149900,149400,148900,148400,148600,148800,149100,149700,150300,151100,150700,150500,150400,150300,150200,150100,151000,152100,153200,153100,153100,153200,153600,154000,154800,154000,153400,153000,155000,157000,159200,158200,157400,156700,157000,159400,160000,162500,163100,163600,164800,164900,165100,163800,162500,162200,162300,160400,162700,164700,164600,167600,169900,170300,170500,166600,165000,165800,165100,164600,161900,164100,169200,170600,172400,172700,170700,170700,166800,166400,165700,164300,161600,166300,170200,171300,169300,169800,169500,170300,169900,167800,166700,170100,167900,170400,173000,175700,175800,172900,172700,170200,168500,167700,165300,157800,162900,163000,166000,169700,170300,172800,170200,164800,162200,160800,159300,155700,154000,154300,157100,157100,160200,160500,161400,160200,158800,158800,152400,156000,153700,157800,159200,162000,162700,162900,161600,161100,162700,164100,159900,160800,165100,168500,168700,170700,172700,172400,170200,169900,169500,169500,169200,168600,171300,172100,174200,175800,176800,179900,181300,181300,179800,178600,179700,183500,186400,188400,192400,193300,196800,201400,207300,210200,210900,213500,217100,231100,237000,246000,253400,256800,264900,267500,271300,275200,277500,284900,295500,318400,326600,333000,343900,338600,340300,329100
'Saint_John_NB',118700,119700,120600,121500,122500,123400,123900,124300,124800,126100,127300,128600,127300,126000,124800,126900,129100,131300,130200,129200,128200,129500,130800,132100,134100,136200,138300,138700,139200,139700,141500,143400,145300,145800,146300,146800,148400,150100,151500,153700,156200,158800,162700,166900,170800,168400,166100,164000,161700,159900,157900,161800,166000,169700,170700,172000,173800,173400,172700,172400,163100,169100,168900,169700,171200,171800,174800,178900,178200,173000,171700,168200,169800,168700,172900,174800,176200,176900,174300,176400,177900,174200,170700,166000,162400,162800,162300,168000,170600,171300,172300,173200,169300,168700,163100,162100,161400,160600,160700,163100,166300,167700,171900,171800,171200,169400,164500,163900,162900,165100,165600,164900,165300,166900,174200,170600,168700,165100,165400,165600,163400,160000,160200,164200,164100,164900,169000,169500,169600,168400,166500,165100,159200,153800,154900,164700,165400,170800,172000,170500,174500,176800,171700,165200,165700,170600,173900,171300,173900,180200,183100,182900,182200,178800,174100,177200,177300,176400,175700,179700,181200,182400,176000,173700,173700,176700,179000,178900,177400,178000,175000,178900,179700,181800,183500,184600,184100,184300,180700,180100,181200,184100,188300,189100,188200,187900,192800,198300,196800,198900,201500,204700,205300,208500,214500,225000,230600,230000,233600,238100,242600,248100,254000,252900,255100,269600,277100,289000,295600,299400,293400,279400
'Nova_Scotia',139400,138400,139900,141500,144000,144400,146300,148100,145200,146500,145400,145000,143900,146300,149600,149800,150900,153600,155500,152900,150900,153900,151600,154500,155100,153500,155400,157000,160500,161800,161800,165000,165200,163200,161700,161200,163700,165600,165400,168300,170200,170700,173600,174000,174600,172600,171000,169900,166100,164600,167200,169700,170700,175600,176600,178100,178700,177500,176100,179000,177000,177400,175000,180400,183500,187200,186600,185400,188700,186400,188500,184600,186000,182900,190500,192000,193700,195300,197300,195200,194200,195000,194200,193800,195800,193100,196400,198200,202100,204700,205800,207100,203300,202700,201400,200500,197100,195400,199800,199800,200500,206200,206700,204600,201900,201100,197500,197400,199700,193100,195400,191400,198500,202600,200900,204000,202200,201400,198800,193300,192000,189400,193100,197800,197600,198400,201900,203000,201400,198700,196900,192800,195000,190600,186400,189000,195400,201800,200300,199300,201100,199300,196000,199600,198400,191300,193000,195500,200000,203300,207100,205500,205500,203800,206700,202100,201800,201600,204100,206800,210400,212000,215900,218400,217000,218400,215400,212300,213500,209200,214700,216800,224000,226700,226800,232200,229900,230000,230700,232200,225700,227700,236300,239500,243100,243500,247600,252900,260200,264300,263600,265500,269100,270700,281900,298200,312600,323600,327900,330900,331600,336500,340100,342800,350100,352100,388500,403500,410300,410900,403800,388400
'Halifax_Dartmouth',174800,173600,175400,177000,180100,180800,183200,185100,180700,182500,181200,180900,178900,184000,188400,188800,189800,193100,195500,191200,187900,192000,189300,194100,193400,191700,193400,195400,200800,202300,201700,206200,205800,204100,202600,201800,205600,208800,208800,212100,214300,214500,217800,218100,218400,216700,215000,215300,210100,208900,212600,215000,215500,221900,222500,224800,224700,224700,222400,228300,225600,226200,223000,230500,234400,237900,237300,236300,240800,237000,241500,236600,240300,235000,244900,246800,248100,250300,251700,249900,248700,250200,249600,250600,253700,249500,253400,256200,260700,263100,265100,266300,260700,262000,259900,259700,256800,252200,261200,261000,260300,269000,267200,264300,260300,260900,257100,258200,262200,252800,257500,249600,260100,265700,262400,265800,263600,262400,258000,252600,252400,249700,255200,260200,259600,261800,267000,268400,266300,264600,261100,256700,259200,254800,251800,254400,263800,270700,268400,266600,269800,267000,263800,270900,267600,259600,263600,267800,273100,275400,278200,276100,276400,272800,278900,273100,273200,272700,276200,281100,285100,287100,292100,292900,289500,293200,291300,287500,290100,285400,293200,294200,301300,305200,304900,311500,307700,308200,310500,311700,304000,307300,320600,322800,327800,326800,332600,338800,348700,354600,353200,355700,363400,365600,381900,403900,420600,435200,440700,444200,443500,453100,457500,462100,475900,476600,534400,554200,558500,556300,543100,520100
'Prince_Edward_Island',117300,118900,120500,122200,124000,125800,125700,125600,125500,125600,125600,125700,126000,126300,126700,127400,128300,129100,128900,128700,128500,128400,128300,128200,128900,129600,130400,130700,131000,131400,133400,135400,137500,139000,140500,142000,141500,140700,139900,140900,142400,143700,143700,143600,143800,143900,143700,143600,140800,138500,136400,139800,143400,147700,148800,150100,151300,148700,146000,143400,139600,138600,146700,151200,152800,152500,152600,152900,152000,150900,152700,149900,152300,148500,143600,151000,154400,155300,158100,158600,160600,157100,153600,151800,149900,151000,150700,152100,160300,157600,157200,154000,153000,154900,154800,151200,147200,144900,147200,151800,156400,157000,160300,159400,157400,153000,150400,149400,154900,146600,147800,148100,157400,158600,156700,155100,156300,157900,157500,155500,160800,159500,159700,159700,164400,165100,166200,161300,163200,161100,164300,162800,163200,159200,164500,164000,167300,171800,174300,176400,178600,177100,176400,170400,168700,167200,174700,175000,176900,183300,183600,186600,186200,194100,193900,192200,190700,188500,191700,190600,200900,199200,206400,208100,213500,213000,212000,209500,211900,211700,211000,217700,218900,222800,224400,223700,223400,225600,225400,227700,230600,229100,226100,229400,225900,239200,244300,249000,251100,258100,260800,264800,266100,270900,270600,281400,295200,304300,316300,318500,322200,325200,326300,333500,331200,329600,337500,338100,350300,367200,374100,372700
'Newfoundland_and_Labrador',128900,130000,131200,132500,133800,135100,135000,134900,134800,134800,134800,134700,135100,135600,136000,136600,137300,138000,139000,139900,141000,140200,139600,138900,139000,139200,139300,140800,142200,143700,145100,146400,147800,148600,149400,150200,152600,155000,157400,161400,165600,169600,173600,177600,181700,183700,186000,188500,188300,188400,188400,191100,193900,196700,197500,198500,199600,201400,203300,205200,210100,212300,213200,216700,221500,226500,228100,229800,229900,230800,228900,229900,228700,228000,228300,231400,233300,236200,235700,239000,241200,241300,243600,243300,242900,244500,246400,247400,248900,250300,253600,257100,257200,258000,258000,257800,259800,261600,259500,262300,265000,268100,268600,268400,267600,265200,262200,262000,261800,263400,263500,265900,267400,269600,269300,268900,267700,267300,266600,263600,260500,261600,259500,258700,261200,264800,264300,266000,264700,263200,260700,258900,258000,257300,250300,253100,256800,258700,259100,259600,259100,257900,254400,253400,251400,248200,247800,248700,249500,253600,254000,256000,253500,252300,251800,248400,245700,243300,242700,244000,244600,246700,245900,247600,244300,243100,237100,236200,230100,235400,227200,232600,231900,236600,239100,240300,239700,235800,234200,230400,228400,230200,232300,231400,231400,232000,237000,240200,240800,244500,244800,244400,243300,242000,242900,245400,250000,255400,262300,264100,265900,265400,264500,266200,264400,266700,266700,271100,273400,283200,287900,288000
'St_Johns_NL',144900,145600,146400,147100,147900,148700,148600,148400,148300,148600,149000,149300,149100,149000,148900,149800,150700,151600,152800,153900,155100,153800,152500,151300,151800,152400,152900,154200,155500,156800,158200,159700,161200,161600,162100,162500,166200,169800,173600,177700,182200,186600,191700,196500,201300,203300,205800,208200,208100,207800,207600,211700,215700,219500,221100,222800,224300,227100,229900,232700,237300,241200,243100,248300,252000,256700,259100,261000,263200,262400,260100,260000,258300,256500,256000,260100,259300,265500,265100,268800,271200,272400,275200,272300,271400,273500,276300,278200,280400,283700,286900,292400,291600,291800,290700,291700,295300,297000,291000,293600,298100,300900,301400,301300,301200,299300,296700,294000,294800,296900,299600,301900,300900,302700,305500,304700,305000,304800,303800,300600,295900,294900,294600,296100,299000,302400,302500,302600,302600,298800,298800,297700,297700,295700,286000,289300,289600,292700,293800,297700,296000,294200,292900,291400,291300,286700,285800,285000,287500,292100,292800,297500,295400,291800,289800,286500,285800,282000,280100,281300,283500,290000,288800,289200,282700,279900,272400,273800,268000,277200,273400,279900,275300,279100,280200,282300,282100,278100,274400,268800,269600,271300,276300,277600,277600,278500,281300,284400,285100,290900,290200,289600,285200,284100,287100,288400,293500,299100,306000,307100,312900,311400,309100,311900,309500,313300,310700,315900,318400,327300,331800,334100
